id,tweet_text,gold,time_will_tell,distrust_experts,too_fast_early_dev,natural_traditional_is_better,liberty_freedom,hidden_motives,scapegoat,defend_the_weak,wicked_fairness,none,source
2074,It's important to protect the most vulnerable people in society.That's why we're helping councils that are looking after unaccompanied asylum-seeking children by significantly increasing their funding.Read more: #LocalGov,none,0,0,0,0,0,0,0,1,0,0,immigration
2075,"Earlier this year, Home Secretary @sajidjavid and French Interior Minister @CCastaner agreed a joint action plan to strengthen efforts against migrant activity in the #EnglishChannel. Find out more:",none,0,0,0,0,0,0,0,0,0,1,immigration
2076,Immigration Minister @CarolineNokes met business leaders and academics in Bristol today to discuss how a skills-based #immigration system will support the #SouthWest:,none,0,0,0,0,0,0,0,0,0,1,immigration
2077,Today we're launching the #IndicatorsOfIntegration report. We've been working with universities across the country to develop this important tool to help organisations provide the right support for #refugees and #migrants.,none,0,0,0,0,0,0,0,0,0,1,immigration
2078,"Seen something suspicious around an airfield? Don't ignore it, report it.Report online: or call the Police on 101 #ReportBorderCrime",none,0,0,0,0,0,0,0,0,0,1,immigration
2079,"Read the Home Secretary, @sajidjavid's response to the small boat incidents in the Channel today:",none,0,0,0,0,0,0,0,0,0,1,immigration
2080,"Immigration Minister @carolinenokes has said over 750,000 EU Settlement Scheme applications have been received as she visited staff in Liverpool helping #EUcitizens. #SettledStatus Read more:",none,0,0,0,0,0,0,0,0,0,1,immigration
2081,Immigration Minister @carolinenokes met @WillmottDixon construction workers in Liverpool to hear how the future #immigration system can work for them.Read more:,none,0,0,0,0,0,0,0,0,0,1,immigration
2082,The latest immigration stats show that the UK is attracting leading talent from across the world.Read more:,none,0,0,0,0,0,0,0,0,0,1,immigration
2083,Immigration Minister @carolinenokes visited the East European Resource Centre in London to meet with staff who are helping vulnerable #EUCitizens apply to the EU Settlement Scheme. @East_Europeans,none,0,0,0,0,0,0,0,1,0,0,immigration
2084,Today's immigration stats show that we are attracting leading talent from across the world,none,0,0,0,0,0,0,0,0,0,1,immigration
2085,"As part of a national conversation on the future skills-based immigration system, Immigration Minister @CarolineNokes visited @monzo in London to discuss the government's plans.",none,0,0,0,0,0,0,0,0,0,1,immigration
2086,"Seen something suspicious around an airfield? Don't ignore it, report it. Online: or call the Police on 101. Want to give info ANONYMOUSLY? Call 0800 555111 or fill in our quick & easy online form at @UKHomeOffice #reportbordercrime",none,0,0,0,0,0,0,0,0,0,1,immigration
2087,We've opened two new visa routes to attract #entrepreneurs to the UK. Find out more: #innovation #startup #business,none,0,0,0,0,0,0,0,0,0,1,immigration
2088,The #Windrush Compensation Scheme is open for applications: Minister @carolinenokes met High Commissioners of Commonwealth countries and representatives of the Overseas Territories to discuss the scheme.,none,0,0,0,0,0,0,0,0,0,1,immigration
2089,Today we've opened two new visa routes to attract #entrepreneurs to the UK. Find out more: #innovation #startup #business,none,0,0,0,0,0,0,0,0,0,1,immigration
2090,Detention is a vital part of our immigration system but it is only used in cases where it is absolutely necessary.Read more about the Home Office's approach to immigration detention:,none,0,0,0,0,0,0,0,0,0,1,immigration
2091,Home Secretary @sajidjavid and French Interior Minister @CCastaner recently agreed a new joint action plan to strengthen efforts against migrant activity in the English Channel. Find out more:,none,0,0,0,0,0,0,0,0,0,1,immigration
2092,"New #Immigration stats published yesterday. In 2018, 130 refugees were resettled via #CommunitySponsorship. 60 of these were welcomed in the last three months of the year.",none,0,0,0,0,0,0,0,0,0,1,immigration
2093,Today's Migration Statistics Quarterly Report from @ONS shows that the UK continues to be recognised as a great place to work and study. Read Immigration Minister @carolinenokes' statement on our blog:,none,0,0,0,0,0,0,0,0,0,1,immigration
2094,@itvnews Anyone crossing the Channel in a small boat is taking a huge risk with their life. We are working closely with the French authorities to tackle this dangerous form of illegal migration.,conclusion,0,0,0,0,0,0,0,1,0,0,immigration
2095,"Last year, Home Secretary @sajidjavid set out plans for a new skills-based immigration system that would mark the end of free movement. Find out more: #Brexit",none,0,0,0,0,1,0,0,0,0,0,immigration
2096,"Lots of discussion about the future #immigration system, today. Here's why we believe it will protect jobs, grow the economy and deliver on the referendum result:",none,0,0,0,0,1,0,0,0,0,0,immigration
2097,Home Secretary @sajidjavid and French Interior Minister @CCastaner have agreed a joint action plan to strengthen efforts against migrant activity in the English Channel. Find out more:,none,0,0,0,0,0,0,0,0,0,1,immigration
2098,I was pleased to have the opportunity to speak at the launch of the Refugee Employment Network today and look forward to working with them to help refugees find work and integrate into their communities. #RefugeesIntoWork,none,0,0,0,0,0,0,0,0,0,1,immigration
2099,Immigration Minister @carolinenokes and French Interior Minister @CCastaner have visited the Joint Co-ordination & Information Centre in Calais to see first-hand some of the work that is being done to tackle attempts to cross the #EnglishChannel illegally via small boats.,none,0,0,0,0,0,0,0,0,0,1,immigration
2100,With Immigration Minister @carolinenokes and Interior Minister @CCastaner in Calais this morning - great to be able to thank and law enforcement officers for their hard work in keeping our borders secure,premise,0,0,0,0,0,0,0,0,0,1,immigration
2101,Home Secretary @sajidjavid and French Interior Minister @CCastaner have agreed a new joint action plan to strengthen efforts against migrant activity in the English Channel. Find out more:,none,0,0,0,0,0,0,0,0,0,1,immigration
2102,Productive discussions around tackling migrant crossings in the Channel with my French counterpart @CCastaner today. Vital we continue our united response,none,0,0,0,0,0,0,0,0,0,1,immigration
2103,"In London with my UK counterpart @SajidJavid. Together, we will discuss our joint efforts to combat illegal migration at our common border, but also our essential bilateral cooperation as regards security and counterterrorism.",none,0,0,0,0,0,0,0,0,0,1,immigration
2104,"Thank you @CCastaner for coming to London. France and the UK have an unbreakable bond. I look forward to deepening our partnership further on illegal migration, serious crime and security",none,0,0,0,0,0,0,0,0,0,1,immigration
2105,"This is why UKIP is calling on this Conservative Government to set a cap and reduce net migration to below 10,000 per year.",none,0,0,0,0,0,0,0,0,0,1,immigration
2106,"Vote @UKIP where you can for Brexit and beyond:Clean-break BrexitCut net immigration to 10,000Abolish overseas aid budgetBeef up our armed forcesMake the UK self-sufficient in skillsFree market economyScrap the TV licenceSupport free speechEnd political correctness",none,0,0,0,0,1,0,0,0,0,0,immigration
2107,UKIP stands for far more than just Brexit:- End mass immigration- Invest in our NHS rather than foreign aid- Scrap the TV Licence Fee- Ban Non-Stun Slaughter- Defend Free SpeechRead our manifesto to find out more: #GE2019,none,0,0,0,0,1,0,0,0,0,0,immigration
2108,Complete and total withdrawal from the European Union.UKIP stands for:-no more money to the EU-no more EU laws-no more being under the European Court-no more open border EU immigration#GE2019,none,0,0,0,0,0,0,0,0,0,1,immigration
2109,"Asking for proper management of immigration is not dog-whistling, it's a function of any normal government. Jo Swinson: PM's 'dog-whistle' tactics putting EU citizens at risk",none,0,0,0,0,0,0,0,0,0,1,immigration
2110,"A town the size of Oldham every year. More than one Rochester a year. UK net immigration is out of control. UKIP wants to end mass immigration and reduce the figure to below 10,000 net a year.#GE2019Common sense ideas for Brexit and Beyond.",premise,0,0,0,0,0,0,0,0,0,1,immigration
2111,"Four towns the size of Bognor Regis, virtually another Southampton every year. Immigration is out of control.Looking to Brexit and beyond... #GeneralElection2019",premise,1,0,0,0,0,0,0,0,0,0,immigration
2112,"Rescind the Barcelona Declaration (1995) and the Marrakesh Declaration (2018) that pave the way for more uncontrolled immigration from Africa, the Middle East and beyond. #GeneralElection2019",none,0,0,0,0,0,0,0,0,0,1,immigration
2113,"We need a Migration Control Department to oversee immigration, border control and the repatriation of illegal immigrants. #GeneralElection2019",none,0,0,0,0,0,0,0,0,0,1,immigration
2114,"UKIP believes the age of uncontrolled mass-immigration must end. No more than 10,000 people net a year is enough!To Brexit and Beyond.., #GeneralElection2019",conclusion,0,0,0,0,0,0,0,0,0,1,immigration
2115,"End mass immigration. UKIP wants net migration down to below 10,000 a year. Temporary immigration for workers and students should be time-limited and strictly controlled. No asylum for migrants entering illegally from a safe country.#GeneralElection2019",conclusion,0,0,0,0,0,0,0,0,0,1,immigration
2116,UKIP's @davidkurten talking immigration and the future of UKIP on LBC with Iain Dale,none,0,0,0,0,0,0,0,0,0,1,immigration
2117,.@UKLabour have completely abandoned the working class of this country. Let's be clear a vote for #labour is a vote for:1 Open borders 2 Depressed wages 3 Votes for migrants 4 An NHS which is open to the entire world.,conclusion,0,1,0,0,0,0,0,0,0,0,immigration
2118,".@UKIP is the party of Brexit and beyond. We oppose Remainers of all other parties. We stand for free speech, free markets, low immigration, protecting the countryside from rampant 'development', and an end to gender confusion lessons in schools.",premise,0,1,0,0,1,0,0,1,0,0,immigration
2119,"If Labour wins with its radical pro-immigration policy (voted for at conference), Britain will effectively become an Open-Border nation.Labour activists call on Corbyn to push radical stance on migration",premise,1,0,0,0,0,0,0,0,0,0,immigration
2120,"The #Labour Party harp on about diversity, but look at the reaction when I dare to mention the 'white working class'... #UKIP #WorkingClassVoice #Immigration",conclusion,0,0,0,0,1,1,0,0,0,0,immigration
2121,Boris's 1st Queen's speech:ID checks during voting.Australian-style points system for immigration.Longer sentences for violent crime.End leniency for foreign criminals and migrant crime.Improve animal welfare.Someone has been reading the @UKIP manifesto..Good job Boris!,premise,0,0,0,0,0,0,0,0,0,1,immigration
2122,EU member states are enraged as the new EU Commission President demands a huge hike in membership fees to pay for climate alarmism and increased immigration under the Barcelona/Marrakesh declarations. The UK is way better off out of this shower.,premise,0,0,0,0,0,0,0,0,0,1,immigration
2123,"Why does the ""No Deal"" plan seem almost exactly like the ""May Deal"" plan? Travel, trade, phone bills and immigration: no-deal Brexit plan explained",none,0,0,0,0,0,0,0,0,0,1,immigration
2124,Destroying the British countryside is NOT a solution to the housing crisis. The first step in fixing it must be to get immigration under proper control. Corbyn's housing disaster: Plan will cost taxpayers BILLIONS and send prices soaring,premise,1,1,0,0,0,0,0,0,0,0,immigration
2125,WATCH my speech on Education at this year's @UKIP conference. The UK needs to end mass immigration and become self-sufficient in skills.,premise,0,0,0,0,0,0,0,0,0,1,immigration
2126,Who remembers this? Welsh Labour cannot be trusted on immigration. #UKIP say NO to mass uncontrolled immigration,none,0,1,0,0,0,0,0,0,0,0,immigration
2127,"Labour wants open borders and every migrant is to get a vote equal to a citizens.Never has it been more blatant, mass immigration is Labour importing votes.",premise,0,1,0,0,0,0,0,0,0,0,immigration
2128,Bad decision Labour. Labour backs free movement after Brexit and giving all immigrants the vote,none,0,1,0,0,0,0,0,0,0,0,immigration
2129,BXP and Tory's should not endorse mass migration.UKIP has always been very clear in its policy on mass immigration.,conclusion,0,0,0,0,0,0,0,0,0,1,immigration
2130,"Across the UK, young girls are having their genitals mutilated there has been only ONE successful prosecution since FGM was criminalised in 1985.FGM clinics are an admission in the abject failure of mass immigration and multiculturalism.",conclusion,0,1,0,0,0,0,0,1,0,0,immigration
2131,UKIP Leader @richardbraine on how to change things and mass migration.,none,0,0,0,0,0,0,0,0,0,1,immigration
2132,The #Labour party has utterly abandoned any claim to represent ordinary people in this country. A party that supports mass immigration to depress wages and expand its migrant voter base.Bring on a General Election! #GeneralElection2019,premise,0,1,0,0,0,0,0,0,0,0,immigration
2133,UKIP Leader @richardbraine on immigration,none,0,0,0,0,0,0,0,0,0,1,immigration
2134,@GoffVinny I think you missed the point Vinny. The video refers to criminalising speech that criticises migration.,none,0,0,0,0,1,0,0,0,0,0,immigration
2135,"@andyrossecon @DavidPoulden And what does UKIP's level of support have to do with the EU attempting to criminalise criticism of mass-immigration? If it's bad law, it's bad law, regardless of who points it out.",none,0,1,0,0,1,0,0,0,0,0,immigration
2136,"we want to criminalise migration speech, criticism of migration will become a criminal offenceThis is where we are. Time to make a change and start being a real nation again.",premise,0,0,0,0,1,0,0,0,0,0,immigration
2137,"Dublin Reforms = Shared Burden of mass-migration - Forcing countries to take their ""fair share"". New EU boss to rip-up cornerstone of EU - Von der Leyen wants Dublin reforms",conclusion,0,0,0,0,0,1,0,0,0,0,immigration
2138,Pure madness. Not enough migrants arriving to keep pay down - Central Bank,premise,0,0,0,0,0,0,0,0,0,1,immigration
2139,Is giving away a MILLION passports to illegal migrants really in our national interest? @BorisJohnson must think again.Please sign and RT.,premise,0,1,0,0,0,1,0,0,0,0,immigration
2140,Well worth a read. An amnesty for illegal migrants?,none,0,0,0,0,0,0,0,0,0,1,immigration
2141,"What's this? Another UKIP policy ""adopted"" by the Tories? I will shake up immigration, says PRITI PATEL via @MailOnline",none,0,1,0,0,0,0,0,0,0,0,immigration
2142,Interesting numbers. Although it appears that the migration flow is all one way. Not a sustainable system. Who acquired citizenship in the EU in 2017?,conclusion,1,0,0,0,0,0,0,0,0,0,immigration
2143,Johnson Refuses to Commit to Lowering Immigration via @BreitbartNews,none,0,0,0,0,0,0,0,0,0,1,immigration
2144,"Mass immigration aded 258,000 people to the UK population in 2018, with no signs of a reduction this year. These people will all require medical treatment at some point. The #NHS simply cannot cope with these pressures.",conclusion,1,0,0,0,0,0,0,0,0,0,immigration
2145,This is idiotic - Will he force people to stay in one area once they get a visa? Sajid Javid eyes new regional migrant rules for skilled workers after Brexit,none,0,0,0,0,1,0,0,0,0,0,immigration
2146,A total failure by the Home Office. The Tories have failed on immigration year after year. How much longer will we allow it to go on? ,conclusion,1,1,0,0,0,0,0,0,0,0,immigration
2147,Are you proud of how our veterans and elderly are being treated @sajidjavid or do they not matter? Will pension ages be extended further to accommodate this? Will they be Christian refugees that are being slaughtered across the world?,conclusion,0,0,0,0,0,0,0,1,1,0,immigration
2148,"74 people in one day - This is dangerous. How many people will die at sea, how many people will be trafficked, how many genuine refugees will be made to wait even longer by those that game the system?",none,1,0,0,0,0,1,0,0,0,0,immigration
2149,"The UK Government missed their net migration target this year. The 37th year in a row they've missed their own target. Brexit was a movement for a British Britain, not a Britain packed to the rafters with immigrants who do not share our British values.",conclusion,0,1,0,0,0,0,0,0,1,0,immigration
2150,"Re-wilding a quarter of the UK is a lovely idea, but it isn't going happen now that England is as densely populated as India, and the UK has net legal immigration of 300,000 per year + unknown illegal immigration.",none,0,0,0,0,0,0,0,0,0,1,immigration
2151,"As of Monday, all ""landing cards"" for overseas visitors will be scrapped. Immigration Service Union general secretary, Lucy Moreton, was told that a digital replacement would be in place... the Home Office lied to her. The government DOES NOT take immigration seriously. #VoteUKIP",none,0,1,0,0,0,0,0,0,0,0,immigration
2152,"Momentum calls for ""all migrant detention centres to be abolished."" Corbyn's frontliners are for open borders. Will Corbyn say no? Or will he go along with whoever can keep him in his job?",none,0,0,0,0,0,1,0,0,0,0,immigration
2154,EU PLOT: Verhofstadt admits plan to scrap veto and FORCE EU project on member states,none,0,0,0,0,0,1,0,0,0,0,immigration
2155, ,premise,0,0,0,0,0,0,0,0,1,0,immigration
2156,UKIP Immigration Spokesman @PaulJamesOakley debates voting rights for all UK residents.WATCH:,none,0,0,0,0,0,0,0,0,0,1,immigration
2157,My 5 point plan for #NewportWest:- MAKE #Brexit happen- STOP mass immigration- BIN the BBC license fee- SCRAP the Welsh Assembly- CUT food & fuel prices Send the political elites a message this Thursday. #VoteUKIP,premise,0,0,0,0,0,0,0,0,0,1,immigration
2158,".@NeilUKIP, UKIP's 2019 Newport West by-election candidate debates a @LibDems voter on #Brexit and immigration. #VoteUKIP @UKIPWales",none,0,0,0,0,0,0,0,0,0,1,immigration
2159,.@LordAshcroft says the most electorally popular party would be one which:...Reduces immigration...Tougher on law and order...Slashes the foreign aid budget...Delivers real Brexit...Believes threat of climate change is exaggeratedIt's called UKIP.,conclusion,0,1,0,0,0,0,0,0,0,0,immigration
2160,"Labour want to keep freedom of movement to the UK. This will result in low-skilled migrants flooding into the country, keeping wages low & allowing companies to access cheap foreign workers. They should be renamed the #CheapLabourParty.",none,0,1,0,0,0,0,0,0,0,0,immigration
2161,"HAVE YOU GOT A LOICENCE FOR THAT...Wait, illegal immigrants? Please welcome!",premise,0,0,0,0,0,0,0,0,1,0,immigration
2162,Labour councils are refusing to co-operate with the Home Office over illegal immigration. They wouldn't want to lose all those potential voters after all . . .,conclusion,0,0,0,0,0,1,0,0,0,0,immigration
2163,This girl left the UK to join ISIS and says she doesn't regret doing so. Now she wants to come back - absolutely unbelievable. She has committed treason. We must protect this country & our people. We must not welcome back terrorists under any circumstances,premise,0,0,0,0,0,0,0,1,0,0,immigration
2164,"EXCLUSIVE: UKIP Immigration Spokesman @PaulJamesOakley Condemns ""Blatant Cruelty"" Of Latest Deportations To Jamaica Of British Residents via @Politicalite",none,0,0,0,0,0,0,0,0,0,1,immigration
2165,Common sense prevails. A bad day for people smugglers.,premise,0,0,0,0,0,0,0,0,0,1,immigration
2166,"This man paid people smugglers €16,000 and refused asylum from every country in Europe except the U.K. We should be asking ourselves why. We should also be asking ourselves why this is being couched in such favourable terms in the media.",premise,0,0,0,0,0,1,0,0,0,0,immigration
2167,We'll sign the nation up for mass immigration without consultation then refuse to debate because we've already signed it...Know your place peasants!,premise,0,0,0,0,0,1,0,0,0,0,immigration
2169,"So is the UK going to stand up for an actual, legitimate refugee in her hour of need or abandon her like they did Asia Bibi because it might upset some Muslims?Asia Bibi, a Christian Pakistani refugee, is still in Pakistan under threat of being killed by Islamists.",none,0,0,0,0,0,0,0,1,1,0,immigration
2170,"Jeremy Hunt et al will wring their hands over the persecution of Christians and promise to 'conduct a review', however, when clear leadership and action are required.....nothing. #AsiaBibi",none,0,1,0,0,0,0,0,0,0,0,immigration
2172,The Conservatives missed 37 immigration targets in a row and won't even set a new one. Time for real action on this issue.,conclusion,0,1,0,0,0,0,0,0,0,0,immigration
2174,"The Labour Party has just announced it will throw open our borders to the worldNo immigration targets, no points-based system, but a red carpet to anybody, anywhere to come to the UKNever has a political party been so out of touch with the public",premise,0,1,0,0,0,0,0,0,1,0,immigration
2175,Labour now officially the party of open door mass migration without control. Old Labour voters will be appalled by this.,premise,0,0,0,1,0,0,0,0,0,0,immigration
2176,"Boris Johnson is saying what the audience wants to hear in order to get elected. Nobody knows where he really stands on HS2, Heathrow expansion and immigration let alone Brexit.",premise,0,1,0,0,0,0,0,0,0,0,immigration
2177,Has Bojo lost his mojo when it comes to addressing mass immigration? His Points Based System will not tackle it. @borisjohnson @jeremy_hunt @ConHome @Nigel_Farage. See thread below.,none,0,1,0,0,0,0,0,0,0,0,immigration
2178,An Australian-style points system can be used to be increase or decrease immigration numbers. Does @BorisJohnson want to reduce the numbers? I don't think so.,premise,0,1,0,0,0,0,0,0,0,0,immigration
2179,"In this video, Theresa May says that she agrees with Labour on ending free movement. Lies, lies, lies. As Home Sec she failed to control immigration, and she has failed again as PM.As for Labour, May should ask Diane Abbott where she stands on freedom of movement.",none,0,1,0,0,1,1,0,0,0,0,immigration
2180,"About time UK Government spoke up for Christians being persecuted, when I suggested we should accept some refugees I was told that religion was the wrong issue to decide this. It is not and never has been.",premise,0,0,0,0,0,0,0,0,1,0,immigration
2184,How many hundreds of illegal migrants are coming in that we don't know about? These are just the ones that got caught.,conclusion,1,0,0,0,0,0,0,0,0,0,immigration
2185,"""If you are a genuine asylum seeker why have you not sought asylum in the first safe country that you arrived in?"" Home Secretary Sajid Javid questions whether migrants making risky journeys across the English Channel are genuine asylum seekers",conclusion,0,0,0,0,0,1,0,0,0,0,immigration
2186,The Brexit Party will reduce annual immigration and address wage stagnation and the skills gap by introducing a fair points-based system that is blind to ethnic origin.Read and sign our Contract with The People here: #ITVLeadersDebate #ITVDebatea,none,0,0,0,0,0,0,0,0,1,0,immigration
2187,"Sadhana Stokes was 9-years-old when she came to Britain as a refugee. Sadhana is standing as The Brexit Party PPC for Charnwood because she finds herself, once again, under the threat of losing democracy.This is Sadhana's story ¸",premise,0,0,0,0,0,0,0,1,1,0,immigration
2189,Devastating critique of Govts immigration plans by highly respected Lord Green of Migration Watch. More Brexit Betryal by this Remain Govt. Immigration will rise not fall & low paid British workers will see no real wage growth.,premise,1,1,0,0,0,0,0,0,0,0,immigration
2190,.@UKIP has abandoned the Australian-style points system for immigration. It is not tough enough. The UK needs time-limited work visas for scarce skills while we train our own young people to fill the skills gaps created under Blair/Brown/Cameron/May.,none,0,0,0,0,0,0,0,0,1,0,immigration
2192,"Uncontrolled, mass immigration puts too much pressure on the NHS. Protecting the health service means reining in rapid UK population growth with a large cut in immigration #GeneralElection19",conclusion,0,0,0,0,0,0,0,0,1,0,immigration
2196,I can also confirm that @DHSCgovuk & NHS are doing everything we can to provide support to refugees arriving in the UK. /3,none,0,0,0,0,0,0,0,1,0,0,immigration
2197,"We are a generous, welcoming country with a strong sense of fairness. But too many people exploit our goodwill. We need more tools to tackle illegal entry, punish people smugglers & to support those that genuinely need protection. I welcome the new immigration plans.",none,0,0,0,0,0,0,0,0,1,0,immigration
2200,Today I will hold an emergency @G7 meeting to coordinate our response to the crisis in Afghanistan.I will ask our friends and allies to stand by the Afghan people and step up support for refugees and humanitarian aid.,none,0,0,0,0,0,0,0,1,0,0,immigration
2201,"Today we take a positive step forward in our commitment to tackle illegal entry, punish people smugglers and safeguard those who are in genuine need of refuge. This is our fair but firm New Plan for Immigration",none,0,0,0,0,0,0,0,1,1,0,immigration
2204,Our landmark #BordersBill passed by MPs yesterday will bring about the fundamental change needed to control illegal migration.I won't be deterred from doing what is right by the British people ' From my speech '''#NewPlanForImmigration,none,0,0,0,0,1,0,0,0,1,0,immigration
2205,"I'm delighted that the #BordersBill, which will break the deadly business model of the people-smugglers, has passed in the House of Commons just now.It will deliver a new, firm but fair asylum system to deter illegal migration.#NewPlanForImmigration'",none,0,0,0,0,0,0,0,0,1,0,immigration
2207,"€¦ The #BordersBill in the @HouseofCommons today will create a faster and fairer asylum system that supports the most vulnerable in genuine need "" not the people smugglers.#NewPlanForImmigration'",none,0,0,0,0,0,0,0,1,1,0,immigration
2208,We're taking action to deter dangerous & illegal migration with our #BordersBill: Breaking the people-smugglers' deadly business model.' Supporting those in genuine need via safe & legal routes.'€º€ Making it easier to remove illegal arrivals with no right to be here.''',premise,0,0,0,0,0,0,0,1,1,0,immigration
2210,"The Borders Bill will improve access to legal advice and require all reasons for asylum and protection to be put forward for consideration in one go, putting a stop the repeated claims. #NewPlanForImmigration '""",none,0,0,0,0,0,0,0,1,1,0,immigration
2223,Our firm but fair Borders Bill is back in the Commons today. It will help minimise delays in our immigration system by preventing repeated appeals in cases the courts have ruled to be without merit.,none,0,0,0,0,0,0,0,0,1,0,immigration
2224,"Our landmark Borders Bill will make illegal migration no longer worth the risk. As it makes its way through Parliament, we're looking at every option to stop people dying at the hands of the people smugglers.",conclusion,0,0,0,0,0,0,1,0,0,0,immigration
2225,We're ending the use of insecure ID cards for entry into the UK to strengthen our border and deliver on the people's priority to take back control of our immigration system.Firm on those who seek to abuse the system.Fair on those who play by the rules.#NewPlanForImmigration,premise,0,0,0,0,0,0,0,0,1,0,immigration
2228,"This week we have been hosting an important summit at an historic location, as we look to tackle terrorism, illegal migration and online sexual abuse with our international partners.#G7UK",none,0,0,0,0,0,0,0,1,0,0,immigration
2232,"Our teams have been working round the clock to bring vulnerable Afghans to safety. This week we've:"",Accelerated the application process by deploying Border Force officers to Afghanistan."",Announced a new safe & legal route for Afghan refugees that puts women & children 1st.",none,0,0,0,0,0,0,0,1,0,0,immigration
2233,We will not abandon people who have been forced to flee their homes and are now living in terror of what might come next.The Afghan citizens' resettlement scheme will save lives. ''€°',none,0,0,0,0,0,0,0,1,0,0,immigration
2237,Around half of refugees resettled through government-backed schemes have been children. Global Britain will continue to show global leadership in welcoming those most in need. #BordersBill,none,0,0,0,0,0,0,0,1,0,0,immigration
2238,"Access to the UK's asylum system should be based on need, not the ability to pay people smugglers.That's why I'm introducing the Borders Bill to Parliament today.We're creating a fairer system for those in genuine need & for British taxpayers '''",none,0,0,0,0,0,0,0,0,1,0,immigration
2239,"Tomorrow our landmark Borders Bill will be introduced to Parliament, setting out an asylum system based on genuine need that is fair, but firm.Learn more about why we need a #NewPlanForImmigration ",none,0,0,0,0,0,0,0,0,1,0,immigration
2240,Today we're introducing the landmark into Parliament.We're taking action to deter dangerous and illegal migration to the UK and create a new asylum system that's fair for those in genuine need.Firm but fair. #NewPlanForImmigration',premise,0,0,0,0,0,0,0,1,1,0,immigration
2241,Enough is enough.Next week we'll introduce the Borders Bill to go after these gangs exploiting people & deter illegal entry with tougher criminal offences for those attempting to enter the UK illegally.Part of our firm but fair #NewPlanForImmigration',none,0,0,0,0,0,0,0,0,1,0,immigration
2242,The new Graduate Immigration route I've launched today will keep the best and brightest international talent contributing to the UK.This is part of our new points-based immigration system retaining people based on the skills they can offer to the UK.,none,0,0,0,0,0,0,0,0,1,0,immigration
2245,€ Helping refugees whose lives are in danger.€ Making sure they properly integrate into our society.€ Ending illegal migration to the UK.This is the #NewPlanForImmigration' #RefugeeWeek,none,0,0,0,0,0,0,0,1,0,0,immigration
2248,These are the dangerous conditions that criminal gangs are using to facilitate illegal immigration. The man responsible has been sentenced to 2 years and 7 months.Our #NewPlanForImmigration will break the business model of people smuggling networks and save lives.,premise,0,0,0,0,0,1,0,0,0,0,immigration
2249,"Next month, the Borders Bill enters Parliament. We must act now to stop illegal migration. We must break the cruel business of the gangs who treat people like commodities. This is what the #NewPlanForImmigration will deliver.",premise,0,0,0,0,0,1,0,0,0,0,immigration
2250,We're going after the people-smuggling gangs at the source.To stop them exploiting vulnerable people. To stop them facilitating illegal migration to the UK'''#NewPlanforImmigration',premise,0,0,0,0,0,1,0,1,0,0,immigration
2251,"This week I officially opened the @UKHomeOffice-funded Ghana Immigration Taskforce Office. Enabling us to tackle organised immigration crime at source in Ghana, combat document fraud & see perpetrators of immigration crime exploiting vulnerable people brought to justice.' ''­",none,0,0,0,0,0,1,0,1,0,0,immigration
2260,"People smugglers are ruthless, treating migrants as a commodity and they do not care about the safety of those they transport.Working with partners we are determined to do all we can to disrupt and dismantle the organised criminal groups involved.",none,0,0,0,0,0,1,0,1,0,0,immigration
2262,Criminal people-smuggling gangs are putting lives at risk via dangerous and illegal crossings.Enough is enough.Our New Plan for Immigration will break their business model and toughen sentences for arranging illegal entry to the UK.''',premise,0,0,0,0,0,0,0,1,0,0,immigration
2263,"€ Nearly 9,000 more police € New points-based immigration system€ New migration deal with India€ The Domestic Abuse Act€ The Domestic Abuse Codeword Scheme€ 160k VAWG responses€ New Plan for Immigration launched' The people's priorities '''",premise,0,0,0,0,0,0,0,1,0,0,immigration
2264,"''® Nearly 9,000 more police officers.'€º€ New points-based immigration system.' New migration deal with India. ,The Domestic Abuse Act.' The Domestic Abuse Codeword Scheme.€ 160k VAWG responses.' New Plan for Immigration launched.We're delivering for the ' public.",premise,0,0,0,0,0,0,0,1,0,0,immigration
2265,I'm continuing to remove these appalling criminals from our country.And our New Plan for Immigration will make it easier for us to deport foreign criminals who have no right to be here so that we can keep people safe.,premise,0,0,0,0,0,0,0,1,0,0,immigration
2266,"A people smuggling gang 'ringleader' has been jailed for eight-and-a-half years thanks to the work of Immigration Enforcement. We're committed to bringing the ruthless criminal gangs exploiting migrants to justice '""",none,0,0,0,0,0,1,0,0,0,0,immigration
2267,"Since the start of the year, we've deported more than 600 foreign criminals. Our New Plan for Immigration will make it easier to deport foreign criminals who have no right to be in the UK and keep our citizens safe.",conclusion,0,0,0,0,0,0,0,1,0,0,immigration
2271,"Today I've signed a ground-breaking new agreement with India to deliver a fair but firm New Plan for Immigration. It will:'""'Attract the best & brightest talent to the UK via our new points-based immigration system.¡,Increase and speed up removals of illegal migrants.' '®'",none,0,0,0,0,0,0,0,0,1,0,immigration
2272,The UK's outdated asylum system is being exploited by people smugglers.Our New Plan for Immigration will stop this abuse.Take our survey today:,none,0,0,0,0,0,1,0,0,0,0,immigration
2273,"Yesterday I hosted my G6 counterparts from '«'·'''®''''', & '','' for a virtual summit on tackling security threats & illegal migration.By working together, we can help save lives and break the business model of the gangs & people smugglers responsible for perilous illegal journeys.",none,0,0,0,0,0,1,0,0,0,0,immigration
2274,"To stop the deaths of those taking dangerous, illegal journeys, we must stop the trade in people that causes them.Our New Plan for Immigration will save lives and target people smugglers.",premise,0,0,0,0,0,0,1,1,0,0,immigration
2276,Our New Plan for Immigration will deliver fairness and correct historical injustices in British Nationality Law.,none,0,0,0,0,0,0,0,0,1,0,immigration
2278,Our New Plan for Immigration will create a faster and fairer system that supports the most vulnerable in genuine need.,conclusion,0,0,0,0,0,0,0,1,1,0,immigration
2279,' Our New Plan for Immigration will deter illegal entry into the UK.It will break the business model of people smugglers and protect the lives of those they endanger.,none,0,0,0,0,0,1,0,1,0,0,immigration
2281,Our New Plan for Immigration is based on 3 key aims:' To support those in genuine need via safe & legal routes. To break the life-threatening business of criminal people smugglers.'€º€ To make it easier to remove illegal arrivals with no right to be here. Firm but fair.,premise,0,0,0,0,0,0,0,1,1,0,immigration
2284,We are taking action to deter dangerous and illegal migration to the UK and create a new asylum system that's fair for those in genuine need.,none,0,0,0,0,0,0,0,1,1,0,immigration
2285,"Access to the UK's asylum system should be based on need, not on the ability to pay people smugglers '''",none,0,0,0,0,0,0,0,0,1,0,immigration
2286,"I'm pleased to announce over 20,000 refugees from Syria have been resettled in the UK since 2015 through our Vulnerable Persons Resettlement Scheme.And I can also announce £14m of support to help refugees integrate here in the UK with English language and employment support.",conclusion,0,0,0,0,0,0,0,1,0,0,immigration
2287,"From my address at the @UNODC's #KyotoCongress on how the UK is tackling crime and protecting victims ''''¨ Tackling Organised Immigration Crime''- Protecting victims of modern slavery'"" Keeping children safe online Stopping fraud and illicit finance",none,0,0,0,0,0,0,0,1,0,0,immigration
2297,"EXPLAINER: Illegal migration is big business. Our #BordersBill can now help to break the business model of ruthless people smugglers and help protect the world's most vulnerable.,",premise,0,0,0,0,0,1,0,0,0,0,immigration
2298,"'"" Our #BordersBill has PASSEDIt will deliver an asylum system that is firm but fair, allowing us to deter illegal migration and help those most in need.The details ''€° #NewPlanForImmigration",none,0,0,0,0,0,0,0,0,1,0,immigration
2304,Sam has been offered a new home and job opportunities in the United Kingdom through our Resettlement Scheme.Our #NewPlanForImmigration is committed to resettling vulnerable refugees through safe and legal routes.,conclusion,0,0,0,0,0,0,0,1,0,0,immigration
2305,Our #NewPlanForImmigration prioritises resettling refugees through safe and legal routes.We are committed to helping vulnerable Afghan families rebuild their lives in the UK through the Afghan Citizens Resettlement Scheme.,conclusion,0,0,0,0,0,0,0,1,0,0,immigration
2309,"Today we have announced more information on the Afghan Citizens' Resettlement scheme, including £20m of funding for local authorities to help resettle Afghan citizens.We are committed to helping vulnerable Afghan families rebuild their lives in the UK.",none,0,0,0,0,0,0,0,1,0,0,immigration
2312,We will never shirk our obligations to unaccompanied asylum seeking children and to suggest otherwise is false.,none,0,0,0,0,0,0,0,1,0,0,immigration
2314,"Access to the UK's asylum system should be based on need, not ability to pay people smugglers.Read my piece on 70th anniversary of the UN Refugee Convention being signed.",conclusion,0,0,0,0,0,0,0,0,1,0,immigration
2315,UK law enforcement agencies are on the front line witnessing the human misery created by criminal gangs.Our landmark #BordersBill will break the business model of the people smugglers endangering migrant lives.,conclusion,0,0,0,0,0,1,0,1,0,0,immigration
2316,I think they're the real villains in all of this.' law enforcement agencies are on the front line witnessing the human misery created by criminal gangs. Our #NewPlanForImmigration will break the business model of the people-smugglers endangering migrant lives.,conclusion,0,0,0,0,0,1,1,1,0,0,immigration
2322,"We're proud of the work we've done to help thousands of refugee families like these build new lives in the UK, through government resettlement schemes.The #BordersBill in the @HouseofCommons today strengthens our commitment to help more of the world's most vulnerable.",premise,0,0,0,0,0,0,0,1,0,0,immigration
2331,"We have a long-standing history of being open to the world, supporting those in need. And this, we will continue to do. @CPhilpOfficial has written for @politicshome today celebrating #RefugeeWeek & the contribution refugees have made to the UK ,",none,0,0,0,1,0,0,0,0,0,0,immigration
2335,"Responsibility for unaccompanied asylum seeking children will be more fairly distributed across the UK as part of new and vital updates to the National Transfer Scheme.Read more ,",none,0,0,0,0,0,0,0,1,0,0,immigration
2338,"Thanks to our world-leading safe and legal routes, we have been resettling refugees in need, who fled the conflict in Syria, from countries including Iraq and Lebanon.We will continue our proud record with our #NewPlanforImmigration",none,0,0,0,0,0,0,0,0,1,0,immigration
2341,"In the past 10 days, we have deported over 140 foreign criminals, meaning over 700 have been removed from the UK since the start of the year. Our New Plan for Immigration will make it easier to deport foreign criminals with no right to be in the UK and keep our citizens safe.",premise,0,0,0,0,0,0,0,1,0,0,immigration
2342,"'""¨ This week we have conducted a number of raids targeting the criminal gangs putting migrant lives at risk via illegal immigration",none,0,0,0,0,0,0,0,1,0,0,immigration
2344,"It will break the business model of people-smugglers who endanger lives like these.It will toughen sentences for arranging illegal entry to the UK.This is why we're introducing the New Plan for Immigration € ,",premise,0,0,0,0,0,1,0,0,0,0,immigration
2347,"Our New Plan for Immigration will crack down on criminal people smugglers while helping those, like Ibrahim and his family, in genuine need. Have your say at",none,0,0,0,0,0,0,0,1,1,0,immigration
2351,"The spending in Primark was for asylum seekers who would have not had appropriate clothing when arriving in the UK. We are committed to delivering the best value for money for the British taxpayer, making sure every pound is spent in the most effective way.",conclusion,0,0,0,0,0,0,0,1,0,0,immigration
2352,Our New Plan for Immigration will create a fairer system to support the world's most vulnerable:... Continuing to resettle those in need of protection... Granting resettled refugees indefinite leave to remain... Increasing integration through job support and English lessons,conclusion,0,0,0,0,0,0,0,1,0,0,immigration
2353,"""For too long our justice system has been gamed... enough is enough""Home Secretary Priti Patel is outlining the government's plan for a ""faster and fairer"" asylum system",conclusion,0,0,0,0,0,0,0,0,1,0,immigration
2355,"We've now resettled over ,  since 2015 through the Vulnerable Persons Resettlement Scheme.And today, we're announcing £14m of support to  refugees ¶»' here in the UK with English language & employment support.",conclusion,0,0,0,0,0,0,0,1,0,0,immigration
2358,"The Government's first priority should be to its own people. With over 6,000 veterans out on the street, how can the Home Office justify this?",conclusion,0,0,0,0,0,0,0,1,0,0,immigration
2360,"The Tories decimated our armed forces, now they are filling up the empty barracks with illegal migrants. Is this what taking back control looks like? Why not use them to house the UK's 6000 homeless veterans?",none,0,0,0,0,0,0,0,0,1,0,immigration
2363,Media vultures currently trying to aggravate #DominicCummings in order to get a reaction.Why have they not been this passionate on illegal immigrants flooding the country and potentially importing the virus? Or Labour politicians flagrantly flouting the lockdown?,conclusion,0,0,0,0,0,0,0,0,1,0,immigration
2364,"Staggering how much attention Dominic Cummings travelling to #Durham has received from the MSM. Not a peep from them about illegal immigration, however... #Dominicsgoing",premise,0,0,0,0,0,0,0,0,1,0,immigration
2371,Why is our foreign secretary cosying up to a country that is purposefully flooding Greece and the rest of Europe with migrants?,none,0,0,0,0,0,1,0,0,0,0,immigration
2406,Immigration minister Chris Philp (who nobody has ever even heard of) had meetings in Paris today and says we now have an action plan that will counter illegal crossings. Don't hold your breath folks.,premise,0,1,0,0,0,0,0,0,0,0,immigration
2424,Official figures show that approaching 500 illegal immigrants crossed the Channel this week.I predicted an invasion and it is happening. Government say they will return many. I don't believe a word of it.,none,1,0,0,0,0,0,0,0,0,0,immigration
2439,"A record 167 illegal migrants have come into Dover today, including 60 in one boat. I have warned about the invasion and now it is happening. People will be very angry with a government that pretends but never acts.",conclusion,1,0,0,0,0,0,0,0,0,0,immigration
2455,"As I predicted weeks ago, Pett Level is a favoured landing beach for migrants. This exclusive video from Saturday shows a group being caught. Many more are not. This is proof that the sneering media were wrong to attack me for my film.",conclusion,1,0,0,0,0,0,0,0,0,0,immigration
2459,It is only a matter of time before there is a mid-channel collision and people lose their lives.,none,1,0,0,0,0,0,0,0,0,0,immigration
2463,"On a day of national celebration we are being humiliated on the South Coast. As I have predicted, a record number of illegal immigrants have been taken into Dover. All along the coast there are many more. This is the beginning of an invasion.",none,1,0,0,0,0,0,0,0,0,0,immigration
2469,"The illegal migrant scandal is bigger than anybody realises.Our government should stop the boats from coming, not help them to shore.Mark my words this issue is not going away.",none,1,0,0,0,0,0,0,0,0,0,immigration
2481,"Rich hypocrisy from @benandjerrys that just wants cheaper labour costs and is clearly happy to see vile people smuggling into conditions of modern slavery, as well as putting illegal immigrant in harms way on dangerous journey across channel.",none,0,0,0,0,0,1,0,0,0,0,immigration
2492,I hear @patel4witham is being actively stopped from policing borders properly by cabinet colleagues fearful of seeming uncaring. How have we got into a position where upholding our own immigration laws & treating everyone equally who wishes to come here is somehow wrong?,conclusion,0,0,0,0,0,1,0,0,0,0,immigration
2500,"We've doubled the amount we spend on taking care of asylum seekers in the last 5 years - now up to £1 BILLION a year, yet the ONS reported today that the number of homeless deaths in the UK is the highest since records began. Does this seem right to you?",conclusion,0,0,0,0,0,0,0,0,1,0,immigration
2524,"If our facilities are so unacceptable, maybe they should have considered seeking asylum in one of the numerous safe countries they passed through to get here? Why should they be given better conditions than our servicemen and women? #Penally",conclusion,0,0,0,0,0,0,0,0,1,0,immigration
2532,It's typical of the #BBC to label people who don't want Wales to be turned into a refugee camp 'extremist'. How many economic migrants do we need to accept before they are satisfied? #DefundTheBBC,conclusion,0,0,0,0,0,1,0,0,0,0,immigration
2539,"If only the metropolitan elite were as concerned with the well-being of the UK's 320,000 homeless people as they are with 20 illegal migrants.",conclusion,0,0,0,0,0,0,0,0,1,0,immigration
2543,"Oh dear, @benandjerrysUK. Your company was recently caught exploiting migrant workers. Is this why you want more illegal migrants in the UK? To exploit them too?",conclusion,0,0,0,0,0,1,0,0,0,0,immigration
2553,"Innocent Seven-year-old Emily Jones was stabbed to death in a park in Bolton, and Albanian immigrant Eltiona Skana has been charged.Why isn't this story on the front page of every newspaper?",conclusion,0,0,0,0,0,1,0,0,0,0,immigration
2560,"When Prince Charles was tested for #Covid19, the woke-left had an absolute meltdown. Yesterday, 169 testing kits had to be used on illegal migrants after they were intercepted in the channel......complete silence from the same people. #Hypocrites",conclusion,0,0,0,0,0,0,0,0,1,0,immigration
2566,The reason @UKLabour are so against the Government's plans to reduce immigration of people who don't speak English is that this is the Labour voting bloc these days. Sorry white working-class - Labour don't care about you. ,premise,0,0,0,0,0,1,0,0,0,0,immigration
2585,"Every time - Johnson & Co find money and homes for them, while #homeless Forces veterans and teenagers shiver their nights and lives away in cardboard boxe.",conclusion,0,0,0,0,0,0,0,0,1,0,immigration
2586,Soft Touch Britain strikes again. Any homeless veteran trying to find a bed in an old army barracks would be arrested and thrown out back to rot on the streets.#keeppayingyourtaxes,conclusion,0,0,0,0,0,0,0,0,1,0,immigration
2587,"So much for Johnson's pre-election pledges to get tough on #immigration. Mind you, if anyone is stupid enough to believe a pre-election 'pledge' they deserve to be conned.A shame they can't book hotel rooms for homeless veterans though.",conclusion,0,0,0,0,0,0,0,0,1,0,immigration
2620,Turkish police force Syrian refugees to #Greek border at gun-point. The invasion of Europe is not an accident at any level!,premise,0,0,0,0,0,1,0,0,0,0,immigration
2636,"If we want to protect our precious green spaces and stop concrete covering our countryside, we must tighten immigration controls.",premise,0,0,0,0,0,0,1,0,0,0,immigration
2655,"This piece demonstrates the truth of what some of us long argued: free movement depressed wages in several sectors, including agriculture. But we were dismissed as 'anti-migrant' and 'reactionary'. Facts may be awkward sometimes. But they're still facts.",none,1,0,0,0,0,0,0,0,0,0,immigration
2665,Cut immigration to ease the housing crisis? #WorthATryProbably,premise,0,0,0,0,0,0,1,0,0,0,immigration
2738,Our new partnership with Rwanda shows we can no longer accept the status quo.People are dying and the global migration crisis requires us to find new ways to work in partnership.It will deal a major blow to the evil people smugglers.This is what it means ''',premise,0,0,0,0,0,1,0,0,0,0,immigration
2741,Who is profiting from the global migration crisis and what can be done to help fix it? '',none,0,0,0,0,0,1,0,0,0,0,immigration
2745,"Tonight, Labour voted against our plans to tackle dangerous and illegal channel crossings. By cutting down on illegal migration we can better support those fleeing oppression, persecution and tyranny through our safe and legal routes.",conclusion,0,0,0,0,0,0,0,1,0,0,immigration
2751,"I have zero tolerance for abuse of our immigration system. Under my #NewPlanForImmigration, I want to ensure the British people have confidence in the system, including stopping those who threaten our national security & push dirty money around our cities.",premise,0,0,0,0,0,1,0,0,0,0,immigration
2754,"Delighted to welcome Minister @HMcEntee to the @UKHomeOffice today.We spoke about the devastating cases of Ashling Murphy & Sarah Everard, and our shared determination to tackle #VAWG. As well as discussing action to prevent illegal migration & protect vulnerable people.' ''",premise,0,0,0,0,0,0,0,1,0,0,immigration
2755,"Pleasure speaking with @NancyFaeser to congratulate her on becoming Germany's new Interior Minister.We discussed deepening our cooperation to tackle illegal migration, shutting down criminal gangs across Europe and protecting vulnerable people.' ''",conclusion,0,0,0,0,0,0,0,1,0,0,immigration
2771,"The UK is committed to supporting refugees around the '.From Afghanistan and Myanmar to Ethiopia, Syria and Ukraine, we're providing immediate lifesaving assistance and protection for those most at risk.On #WorldRefugeeDay, and every day, we stand #withrefugees",premise,0,0,0,0,0,0,0,1,0,0,immigration
2791,"The current asylum system makes it easy for criminal smuggling gangs to exploit migrants.Leading them to risk their lives.This simply cannot continue. The #NewPlanForImmigration will change this, once and for all.",premise,0,0,0,0,0,0,0,1,0,0,immigration
2796,"More urgent aid from the UK arrives for refugees fleeing Russian aggression. ¡,blankets¡,hygiene kitsOur staff on the ground in Moldova will make sure this gets to where it's needed.",none,0,0,0,0,0,0,0,1,0,0,immigration
2801,"Our #BordersBill is now in the House of Lords Committee Stage.¡,Once it becomes law, the Bill will deliver an asylum system that is firm but fair, allowing us to deter illegal migration and help those most in need.#NewPlanForImmigrationMore:",none,0,0,0,0,0,0,0,1,0,0,immigration
2804,"As each pathway opens, women and children will continue to be prioritised. Building on this the UNCHR will now refer refugees most at risk to the Afghan Citizens Resettlement Scheme, including women and girls as per their international framework.",none,0,0,0,0,0,0,0,1,0,0,immigration
2805,OVER 700 Migrants today. YOU will have operations & tests cancelledYOU won't get a pension or elderly careFACTJoin @UKIP because the Conservatives are killing us.,conclusion,0,0,0,0,0,0,1,0,0,0,immigration
2808,The UK Independence Party is the ONLY party committed to withdrawing from the: 1951 UN Refugee Convention European Convention on Human Rights UN Global Migration Compact Until this happens the invasion of illegal immigrants will continue.,premise,1,0,0,0,0,0,0,0,0,0,immigration
2811,The Welfare of Armed Forces Veterans must have priority over Immigrants,none,0,0,0,0,0,0,0,0,1,0,immigration
2820,"Whilst any of the establishment parties remain in power, the boats will continue to land on our shores. UKIP Chairman @BenWalkerFABS",conclusion,0,0,0,0,0,0,1,0,0,0,immigration
2872,Independent journalist and former ukip Candidate Steve Laws has been suspended from @Twitter for reporting the truth on illegal immigration! #FreeSpeech #bigtech #censorship,conclusion,0,0,0,0,0,1,0,0,0,0,immigration
2907,Migrants 'are staying in four-star hotel rooms at £125-a-night on the taxpayer' as Britons struggle to afford spiralling energy bills amid cost of living chaos',conclusion,0,0,0,0,0,0,0,0,1,0,immigration
2916,Boris Johnson cares more about sending support packages to Ukraine than he does about stopping the migrant boats at Dover.,none,0,0,0,0,0,0,0,0,1,0,immigration
2923,As I suspected. Almost 4/10 illegally crossing the Channel are Albanian. Just 5.7% Syrian.We are being misled. The largest group is from a peaceful NATO member joining the EU.Shocking leaks revealed by @TiceRichard. Why isn't this data published?,conclusion,0,0,0,0,0,1,0,0,0,0,immigration
2943,"Sadly it looks as though the Rwanda policy is about to rebound on the government.Several legal challenges are already underway.Unless Brexit is completed and we leave the ECHR, 100,000 migrants will arrive in 2022 and the Red Wall will collapse.",premise,1,0,0,0,0,0,0,0,0,0,immigration
2944,Lots of tweets saying I made up a story about migrants throwing their phones into the Channel yesterday. Well here is the exclusive footage€Why would legitimate refugees with nothing to hide throw their mobile phones into the sea?,conclusion,0,0,0,0,0,1,0,0,0,0,immigration
2947,Today I witnessed 3 migrants throw their phones overboard into the Channel. Why would legitimate refugees want to throw their mobile phones into the sea?,conclusion,0,0,0,0,0,1,0,0,0,0,immigration
2954,This is a disgrace. The Home Office do not want us to know the truth.,none,0,0,0,0,0,1,0,0,0,0,immigration
2980,"BREAKING EXCLUSIVE: I expose that 4 in 10 Channel migrants from peaceful Albania, not war-torn states.We have been deeply misled.",premise,0,0,0,0,0,1,0,0,0,0,immigration
2981,BREAKING: my shocking exclusive story later this weekend of leaked Govt proof on true origin of Channel migrants.,none,0,0,0,0,0,1,0,0,0,0,immigration
2996,"ILLEGAL MIGRANTS: Another day, another large group of young men arrive, another fat profit for vile smugglers, another multi million liability for us British taxpayers. Enough is enough.",premise,0,0,0,0,0,0,0,0,1,0,immigration
3000,"Civil servants working at home has led to collapse in productivity: delays in passports, driving licences, immigration, healthcare etc etc. Get back to office & perform, or get out of the job.",premise,0,0,0,0,0,0,1,0,0,0,immigration
3003,"""They would like open borders and the dilution of any meaningful concept of nationhood. British interests mean nothing to them as they cling to their globalist agenda.""My latest @MailOnline on Britain's open-borders coalition and asylum system reform.",conclusion,0,0,0,0,0,1,0,0,0,0,immigration
3013,It's revealing that lying about his asylum claim in 2015 was insufficient to remove of Emad Al Swealmeen from the UK. He remained and detonated a bomb on Remembrance Sunday last year.It begs the question. If making false claims is not sufficient to remove people - what is?,conclusion,0,0,0,0,0,1,0,0,0,0,immigration
3014,Join me Today 10am for my Tice Talk show on @talkRADIO: '’Sunday Sermon: Furlough rip-offs'’Blackmail and whips'’Govt hiding immigration nos'’Ukraine and much more!,none,0,0,0,0,0,1,0,0,0,0,immigration
3020,"Police brutality in Spain. Police brutally assault in innocent woman. Illegal immigrants welcomed by Spanish authorities, while their police viciously assault Spanish people. The EU remain silent.",conclusion,0,0,0,0,0,0,0,0,1,0,immigration
3025,Are you happy supporting a party in favour of massive immigration and of handling over Command & Control of our Armed Forces and who criminalise parents of six year olds who try to stop their child being taught Transgenderism?,conclusion,0,0,0,0,1,0,0,0,0,0,immigration
3030,@Michael55096806 None of them. Though I did give the Zio-media a stick to beat Corbyn by saying I'd vote for him on foreign policy grounds. But unless he comes out to oppose the UK sanctions on Syria that are killing thousands of children & adding to,none,0,0,0,0,0,0,0,1,0,0,immigration
3033,"Long interview I did today with #redpilled counter-jihadist Dionne Miller. Watch it & please repost before TheirTube takes it down! ""I haven't gone away, you know....."" #immigration #GreatReplacement #grooming #KalergiPlan",none,0,0,0,0,0,1,0,0,0,0,immigration
3035,"Even if #BorisJohnson does deliver #Brexit, people who voted for our old Britain back are going to be VERY disappointed. More immigration, LGBTQ+ force fed to children, destruction of green belt, privatisation, war on free speech. #stabbedintheback",premise,0,0,0,0,1,0,0,0,0,0,immigration
3038,Begs the question as to how much the state-run #BBC should be fined for its endless lack of impartiality over #Brexit #Immigration#Russia #Syria #Iraq #weaponsofmassdestruction and all the other lies they tell us!,premise,0,0,0,0,0,1,0,0,0,0,immigration
3040,"Funny thing - THEY can put gruesome photos on cigarette packs to warn us of the dangers of smoking, but WE can't pass on photos that warn of the dangers of #immigration, #Islamisation & the takfiri hatred spread by their Saudi cronies. #MarineLePen",conclusion,0,0,0,0,0,0,0,0,1,0,immigration
3041,"Funny to see liberals whining about inevitable result of mass immigration, but these #Muslims are right: Children should be children. The child-abusing LGBTQ+ lobby are the real bullies. #StopRSE",premise,0,0,0,0,0,0,1,1,0,0,immigration
3042,The problem isn't just #Brexit or #immigration or #Islamisation. The corporate elite are screwing us all in other ways too:,premise,0,0,0,0,0,1,1,0,0,0,immigration
3047,"The key difference between me & #TommyRobinson - he's happy that they're here, but wants them to accept LGBTQ+ brainwashing I believe mass immigration was a ghastly error that should be reversed, but support them on this stand for tradition & decency.",none,0,0,0,1,0,0,0,0,0,0,immigration
3057,Labour have passed a motion to...ª Scrap all immigration controlsª Campaign for free movementª Give non-UK citizens the right to vote€Migrant boats = Labour votes springs to mind...,premise,0,0,0,0,0,1,0,0,0,0,immigration
3059,"Hi multi-millionaire Richard Gere, by aiding the illegal funneling of economic migrants to Europe, you are killing many more who will now follow their lead. Why don't you put some of them up in your own home if you insist on virtue signalling?",conclusion,0,0,0,0,0,0,0,1,0,0,immigration
3069,"The scheme aims to tackle inequalities & poverty experienced by refugees in WalesThere are 710,000 people living in abject poverty in Wales. 185,000 of them are children. I suppose it's politically incorrect to suggest putting Welsh children first?",conclusion,0,0,0,0,0,0,0,1,0,0,immigration
3070,"#AsiaBibi's acquittal has been upheld by Pakistan's supreme court. She is still in fear for her life however. Remember that the UK refused this Christian woman asylum because of fears it would cause ""unrest"". An indelible disgrace on our government",premise,0,0,0,0,0,0,0,1,0,0,immigration
3072,EXCLUSIVE: Citizen journalist ‚Ç¨Àúwho exposed Migrant Crisis' in bid to become MP @UKIP @Steve_Laws_ via @PoliticaliteUK,none,0,0,0,0,0,1,0,0,0,0,immigration
3079,"@GoodwinMJ confirms my prediction at the time of #Brexit - the people voted to stop #Immigration, but the Tories have simply replaced Poles with Pakistanis (as Nigel Farage always wanted). #neoconned",none,1,0,0,0,0,0,0,0,0,0,immigration
3083,"@Anna_Soubry If you were upset by James Goddard, wait til you meet the refugees of the #AzovBatallion when they start destabilising your precious multicult.And, as Mr Lenin sort of predicted, ""turn the war into civil war"".#CarefulWhatYouWishFor",conclusion,1,0,0,0,0,0,0,0,0,0,immigration
3084,"Within a month, the West will have taken on at least half a million young male Ukrainian refugees from the war Nato made inevitable. If you think I'M a racist extremist, wait til you meet these lads! What could possibly go wrong in #multicultral Europe?",conclusion,1,0,0,0,0,0,0,0,0,0,immigration
3088,"If you think that the new #HighwayCode is the worst example yet of what happens when red-green fanatics take over rhe asylum, wait til you get your obscene energy bills come April. And that's only the start. Their aim is complete deindustrialisation.#MorgenthauPlan #GreatReset",premise,1,0,0,0,0,1,0,0,0,0,immigration
3090,"As I said would happen, a Tory-directed Brexit was always going to replace Poles & Hungarians with Indians & Africans. The wishes of the people count for nothing when capitalists & their puppets make the rules. Yet another Tory #Immigration betrayal.",premise,1,0,0,0,0,0,0,0,0,0,immigration
3095,"We voted to control our Borders. For six years the Tories turned a bling eye to mass illegal immigration, allowed mass immigration from Honk Kong and Ukraine Now because two politicians in power for the very same six years want to be PM, they both promise to control our Borders.",conclusion,0,0,0,0,0,1,0,0,0,0,immigration
3099,Mass immigration is driving us into an ever greater housing crisis while hard working people struggle to build a home for their families.What does this say about the priorities of those at the top...? °,conclusion,0,0,0,0,0,0,0,0,1,0,immigration
3101,"Our cities have seen rapid and momentous change in the last two decades. The public never asked for mass, uncontrolled immigration, but the politicians have forced it on the country anyway... °",conclusion,0,0,0,0,0,0,1,0,0,0,immigration
3104,We need transparency on immigration,none,0,0,0,0,0,1,0,0,0,0,immigration
3108,"The government promised that its post-Brexit immigration system would reduce overall immigration levels and deliver ""firmer"" border control. Yet the opposite has happened! °",conclusion,1,0,0,0,0,0,0,0,0,0,immigration
3113,"Nick Timothy, Theresa May's Chief of Staff, exposes Boris' real policy of increasing mass immigration!",none,0,0,0,0,0,1,0,0,0,0,immigration
3117,"False claims damage our already overwhelmed and abused asylum system, and our ability to help the truly vulnerable...",none,0,0,0,0,0,0,0,1,0,0,immigration
3124,The gap between what the public want on immigration and what the political class are doing is growing dangerously wide...We will continue to hold them to account '‚Ñ¢,none,0,0,0,0,1,0,0,0,0,0,immigration
3138,Vital we continue to crack down on the organised gangs involved in immigration crime. They are shamefully exploiting people & putting lives in grave danger. Excellent work by the @NCA_UK.,conclusion,0,0,0,0,0,0,1,0,0,0,immigration
3149,"The Immigration Bill I brought before the Parliament today is essential to end free movement, control our borders, and give full protection to Irish citizens in the UK. By voting against it Labour have shown - once again - they are firmly on the side of uncontrolled immigration",conclusion,0,0,0,0,0,0,1,0,0,0,immigration
3150,.@hackneyabbott a few hours ago you said you wouldn't oppose our Bill to end free movement. Yet now you just did the exact opposite.Those who thought you couldn't trust Labour's promise to control immigration have been proven right.,premise,1,0,0,0,0,0,0,0,0,0,immigration
3152,A National Crime Agency spokesman says a 33-year-old Iranian national and a 24-year-old British man have been arrested in Manchester on suspicion of arranging the illegal movement of migrants across the English Channel,none,0,0,0,0,0,0,1,0,0,0,immigration
3177,"The biggest risk to our public services is Corbyn's plans for uncontrolled & unlimited immigration. The Conservatives will get Brexit done & introduce an Australian-style points system so that we reduce immigration overall, while being open & flexible to highly skilled people.",premise,0,0,0,0,0,0,1,0,0,0,immigration
3182,"Yet more evidence that Britain is becoming more tolerant-People born since 1960s more positive to immigration-Sits uneasily with 'Brexit = Xenophobia Explosion"" catastrophising-But high diversity + high inequality reduces these positive shifts",none,1,0,0,0,0,0,0,0,0,0,immigration
3186,We have a proud record on protecting children through asylum & resettlement. The new #WAB clause on unaccompanied children & family unity is clear: supporting them is our priority both now and after we've left the EU.,none,0,0,0,0,0,0,0,1,0,0,immigration
3187,"We're focused on delivering for the whole UK, including keeping people safe & delivering a points based immigration system.#QueensSpeech",none,0,0,0,0,0,0,0,1,0,0,immigration
3199,"We are committed to reforming immigration detention to increase the protections for vulnerable individuals. We have introduced a pilot to support vulnerable women outside of detention, with broader pilots planned for this and next year.See more here:",none,0,0,0,0,0,0,0,1,0,0,immigration
3200,"A year ago we committed to reducing the size of the immigration detention estate. Today it is around 40% smaller than in 2015, with fewer detainees in detention. Read more here:",premise,1,0,0,0,0,0,0,0,0,0,immigration
3202,"On Monday, we will launch a pilot programme to encourage refugee entrepreneurship programmes across the UK. Join us in London to find out how your organisation can get involed. Register here  #CFErefugees #RefugeeEntrepreneur @ukhomeoffice",none,1,0,0,0,0,0,0,0,0,0,immigration
3205,Those in need of protection should claim asylum in the first safe country they reach.Home Secretary @sajidjavid & French Interior Minister @CCastaner recently agreed to reinforce the UK & France's joint efforts to tackle dangerous†small boat crossings:,premise,0,0,0,0,0,0,0,1,0,0,immigration
3211,"""The UK will resettle thousands more refugees starting from next year, and for years to come.""Home Secretary @sajidjavid has announced the details of the UK's new refugee resettlement scheme that will start in 2020. #RefugeeWeekRead more:",none,1,0,0,0,0,0,0,0,0,0,immigration
3214,Refugees resettled in the UK under the Vulnerable Persons Resettlement Scheme spoke to Immigration Minister @CarolineNokes about life in the UK. We'll continue to resettle thousands of refugees under a new scheme starting next year.#RefugeeWeek,premise,1,0,0,0,0,0,0,1,0,0,immigration
3215,"The UK will resettle thousands more refugees starting from next year, and for years to come.Home Secretary @sajidjavid has announced the details of the UK's new refugee resettlement scheme that will start in 2020. #RefugeeWeekRead more:",none,1,0,0,0,0,0,0,0,0,0,immigration
3218,"To kick off #RefugeeWeek, we've announced that the UK will continue to resettle thousands of refugees under a new scheme starting in 2020 - offering a safe and legal route to the UK for some of the world's most vulnerable people.Read more:",none,1,0,0,0,0,0,0,1,0,0,immigration
3219,"At the start of #RefugeeWeek, it's vital the UK continues to provide protection to the world's most vulnerable. That's why we are introducing a new resettlement scheme giving more refugees the opportunity to start new lives in Britain",none,0,0,0,0,0,0,0,1,0,0,immigration
3224,"I recognise that it won't reverse the damage that was caused, but I believe it will go some way to atone for the wrongs that people experienced. Home Secretary @sajidjavid wrote about the #Windrush Compensation Scheme for the @Independent. Read more:",none,1,0,0,0,0,0,0,0,0,0,immigration
3227,".@SajidJavid: We are also on track to resettle 20,000 refugees fleeing the conflict in Syria by 2020 as well as up to 3,000 of the most vulnerable people from the Middle East and North Africa, including children at risk of exploitation and abuse. @UKHomeOffice",none,0,0,0,0,0,0,0,1,0,0,immigration
3231,"Migrants to be ""allocated"" across the bloc - so forced migration? Why is this not being covered by British media? EU coalition of the willing agrees new migrant Àúsolidarity mechanism' @EURACTIV",none,0,0,0,0,0,1,0,0,0,0,immigration
3232,A total failure by the Home Office. The Tories have failed on immigration year after year. How much longer will we allow it to go on?,conclusion,0,1,0,0,0,0,0,0,0,0,immigration
3234,Labour's 2017 manifesto said Freedom of Movement will end when we leave the European Union. They have lied to you on Brexit and now they have lied to you on immigration too.,conclusion,0,1,0,0,0,0,0,0,0,0,immigration
3237,Our immigration system is not fit for purpose.We have the remarkable situation where a British citizen has less rights to bring their spouse to the UK than an EU citizen.How is it fair that a Brit is treated as a second-class citizen in their own country? Watch and RT - ,premise,0,0,0,0,0,0,0,0,1,0,immigration
3239,"Memo: the ""far right"" @brexitparty_uk has candidates from the Left, centre, right... Muslims, Indians, immigrants, Jews, gays, blacks... do we need to go on? Stop with this identity politics rubbish and focus on the fact betraying Brexit has made us all come together ‚Ñ",premise,0,1,0,0,0,0,0,0,0,0,immigration
3242,84% - No16% - Yes House of Commons Library says 66% of asylum-seekers in 2016 were bogus.† Why do Labour and Plaid want to flood Wales with economic migrants to depress working-class wages?,none,0,0,0,0,0,1,0,0,0,0,immigration
3245,"Never forget: Attacks on the working class come from those who travel by private jet, not migrant dinghy.\- Zarah Sultana",none,0,0,0,0,0,0,1,0,0,0,immigration
3246,USA AND MEXICO ARE DEPORTING THOUSANDS OFUNACCOMPANIED MIGRANT CHILDREN INTO HARM'S WAYChildren are being forcibly returned without adequate screenings or protection from the harm they may faceupon return.,none,0,0,0,0,0,0,0,1,0,0,immigration
3251,"LET THAT SINK IN Democrats voted to fine Americans for not buying health insurance, but want to give it to illegal immigrants for free.",conclusion,0,0,0,0,0,0,0,0,1,0,immigration
3256,TRUMP: ‘OUR COUNTRY HAS TURNED INTO A MIGRANT CAMP' 'THIS IS AN INVASION',conclusion,0,0,0,0,1,0,0,0,0,0,immigration
3257,WE WILL USE TAXPAYER MONEY TO SEND ILLEGAL IMMIGRANTS TO COLLEGE FOR FREEPHIL MURPHY NEW JERSEY GOVERNORMY WIFE AND I BOTH WORK FULL TIME AND STILL CANNOT AFFORD TO SEND OUR OWN KIDS TO COLLEGE......WHAT'S WRONG WITH THIS PICTURE??#WALKAWAY,conclusion,0,0,0,0,0,0,1,0,1,0,immigration
3259,"Mrs. Pelosi, this is our son, Pierce Corcoran. He is dead. His death is real, it's not fabricated. He died at the hands of an illegal immigrant...",conclusion,0,0,0,0,0,0,1,0,0,0,immigration
3260,When will our WEAK politicians get tough and stop the illegal immigration invasion? #ImmigrationReferendum,none,0,1,0,0,0,0,0,0,0,0,immigration
3261,In 2019 Boris Johnson and Priti Patel promised to fix this problem yet it’s only got worse. NEVER TRUST A TORY! #VoteUKIP,conclusion,0,1,0,0,0,0,0,0,0,0,immigration
3267,"Before we ask what is fair to illegal immigrants, wemust ask what is fair to American families, students,99 taxpayers, job seekers.\President Trump",conclusion,0,0,0,0,1,0,0,0,1,0,immigration
3269,"OBAMA ADMIN GIVES OBAMACARE BENEFITS TO ILLEGAL IMMIGRANTS,FAILS TO PROVIDE VETS NECESSARY CARELIKE IF YOU THINK THIS IS WRONG!",none,0,0,0,0,0,0,0,0,1,0,immigration
3270,"THOSE WHO ENTER THE COUNTRY ILLEGALLY, AND THOSE WHO EMPLOY THEM DISRESPECT THE RULE OF LAW. THEY ARE SHOWING DISREGARD FOR THOSE WHO ARE FOLLOWING THE LAW.WE CANNOT ALLOW PEOPLE TO POUR INTO THE U.S. UNDETECTED, UNDOCUMENTED,UNCHECKED, AND CIRCUMVENTING THE LINE OF PEOPLE WHO ARE WAITING TO LAWFULLY BECOME IMMIGRANTSTHINK TRUMP SAID THAT?NOPE!THAT WAS BARACK OBAMA IN 2005",conclusion,0,0,0,0,1,0,0,0,0,0,immigration
3271,IF OBAMA HAD:- Paid off a porn star- Cheated on 3 wives- Had kids by 3 women- Married an immigrant- Had a host of campaign staffers plead guilty to federal crimes- Spent 1/3 of his time in office at resorts REPUBLICANS WOULD HAVE TURNED THE WORLD UPSIDE DOWN,conclusion,0,0,0,0,0,0,0,0,1,0,immigration
3272,"Whilst I have a lot of sympathy for Abolish, unfortunately they only have 1 policy. We have no idea where they stand on the big issues of the day (do they support BLM? Mass immigration? Wales being turned into a giant wind farm?). How will they vote if they are elected?",none,0,0,0,0,0,1,0,0,0,0,immigration
3276,ONE OF THESE PRESIDENTS GAVE AMNESTY TO ILLEGAL IMMIGRANTS THE OTHER IS PRESIDENT OBAMA,none,0,0,0,0,0,0,0,0,1,0,immigration
3278,"A very sad situation - especially for the children, however these are economic migrants who are destined to travel illegally into the UK. Europe needs to do more and so should we by turning them around in the #CHANEL #UKIP #ImmigrationReferendum",none,0,0,0,0,0,0,0,1,0,0,immigration
3280,I WISH LEFTISTS CARED AS MUCH ABOUT HOMELESS VETERANSAS THEY DO ABOUT ILLEGAL IMMIGRANTS,conclusion,0,0,0,0,0,0,0,1,1,0,immigration
3281,"If the Radical Left Democrats all of a sudden don't wantthe Illegal Migrants in their Sanctuary Cities (no more open arms), why should others be expected to take them into their communities? Go home and come into our Country legally and through a system of Merit!@realDonald Trump",none,0,0,0,0,0,0,0,0,1,0,immigration
3283,"What's your problem with people immigrating to America? It's not like there is a history of immigrantsflooding in, murdering thousands and then stealing all their land.Oh wait...",conclusion,0,0,0,0,1,0,1,0,0,0,immigration
3287,"""BREAKING NEWS From Assembly Democrats:LEGALIZED Free College For Undocumented Immigrants REJECTED Free SUNY Tuition For Children Of Military Personnel Killed In Action",none,0,0,0,0,0,0,0,1,1,0,immigration
3289,"Migrants are being ferried around the country in taxis costing the taxpayer millions of pounds. How can the Government justify this expense with over 6,000 homeless veterans?",premise,0,0,0,0,0,0,0,1,1,0,immigration
3291,RIDDLE ME THIS!HOW DO IMMIGRANTS STRENGTHEN OUR COUNTRYBUT NOT THEIR OWN ?!?,none,0,0,0,0,0,1,0,0,0,0,immigration
3294,We can't find homes for the 6000+ homeless veterans yet we can find them for thousands of illegal immigrants crossing the channel and for the 'isis bride' who said the Manchester bombing kids were 'just victims of war'! Our government should be ashamed of themselves.,premise,0,0,0,0,0,0,0,0,1,0,immigration
3295,These hotel rooms will be paid for by the Taxpayers.,none,0,0,0,0,0,0,0,0,1,0,immigration
3298,I sure hope everyone is paying attention.There is no good explanation for this!Judiciary Committee just offered an amendment that requires ICE be notified when an illegal immigrant tries to purchase a firearm Dems voted NO So the Dems just admitted they have no problem with people having guns. As long as they are not American citizens that are working class,none,0,0,0,0,0,0,0,0,1,0,immigration
3301,"Didn't believe that Jews and other groups were \real\ Germans. Initially proposed mass deportations of thosedeemed undesirable.Searched synagogues, businesses and birth records for possible deportees. Mass deportations found to be umpractical- death camps used as an alternative.Doesn't believe that 14th Amendment citizens are \real\ Americans. Proposes mass deportations Proposes tracking down illegal immigrants throughemployers. When Trump realizes that mass deportations are impossible, what will his solution be?",conclusion,0,0,0,0,0,0,0,0,1,0,immigration